id;nombre;email;tipodoc;documento;userid_id
1;withdrawal primary Fiji;Cecilia4@gmail.com;Parafarmacia Rua;Cambridgeshire;1
2;Práctico Madera;Ramona.Montero48@hotmail.com;invoice cross-platform;UIC-Franc de;2
3;Dirham best-of-breed País;Isabela.Botello91@gmail.com;Urbanización Granito Savings;COM;1
4;Masía;Dorotea_Guajardo@hotmail.com;de;24/7;2
5;deposit matrix bypass;JosMara.Lemus29@hotmail.com;Director Plástico Avon;JBOD Cliente Avon;2
6;quantify Pescado Infraestructura;Yolanda.Len@hotmail.com;6th;interface Glorieta Guapa;1
7;innovadora Faso killer;Anita_Villarreal61@gmail.com;Violeta Librería hardware;sistémica Regional Bermudian;2
8;Explanada;Sonia73@gmail.com;back-end empower;auxiliary supply-chains Cedi;1
9;Inversor Uzbekistan;Raquel.Crespo@gmail.com;XSS;Distrito neural PNG;1
10;programming payment Venezuela;Clemente_Gil77@gmail.com;Blanco Moda Buckinghamshire;Amarillo Loan Salchichas;2
